[
  {
    "id" : {
      "deleted" : [

      ],
      "key" : {
        "KID" : null,
        "pgpFingerprint" : null
      },
      "proofs" : [
        {
          "proof" : {
            "sigId" : "Binary-9e6d3b438f16b2f2b4aa22159b425b0aed5a3a6093a2e9e87b8ad512d7d26e95",
            "value" : "kbtester1",
            "key" : "github",
            "mtime" : 1424293535,
            "proofType" : 3,
            "displayMarkup" : "kbtester1"
          },
          "rowId" : 0
        },
        {
          "proof" : {
            "sigId" : "Binary-affdc146f708dd0521dda49160db2303cc59210ecfeb1dfcf27b9318188cd492",
            "value" : "kbtester1",
            "key" : "twitter",
            "mtime" : 1424293537,
            "proofType" : 2,
            "displayMarkup" : "kbtester1"
          },
          "rowId" : 1
        }
      ],
      "whenLastTracked" : 0,
      "cryptocurrency" : null
    },
    "sessionID" : 4,
    "user" : {
      "uid" : "Binary-afb5eda3154bc13c1df0189ce93ba119",
      "username" : "t_bob"
    }
  }
]