[
  {
    "lcr" : {
      "cached" : {
        "proofStatus" : {
          "desc" : "",
          "state" : 1,
          "status" : 1
        },
        "displayMarkup" : "[cached 2015-03-05 13:59:57 PST]",
        "timestamp" : 1425592797
      },
      "proofId" : 0,
      "hint" : {
        "checkText" : "\n\nowFdUltsFVUUvb3YgmgDojGiVcuA0YTbm\/OcM6etFTRp\/OJDjD9qrufM2XPvtHTm\nOjOtlJsGH1Hsj8EHvhptaEET8AMlPAwtGnkUQ2orwWiCjcRACNEYw4cBNMaZmxrB\n87Wz99prr3X23tq8IJdviJ5ov9T15URrw8mLOvf4ub9Ha5YOzaDVXrPcDT4ESRYF\nqg+sdqsXBrWKoeiHrUFooNgTt85jCtYARLEfBikKFUWRW0OFDJ41e35Qhqga+RmX\nJbEHUhMGni2QrbEnHOl4BHGpiGLUc7Sg2CMypayEcXLdVKvOWfJNmuVyLVnLaLfz\ncIrvruP76wXlaQ5GUcyZdjF1sfEQdqQLkmqFcR0YQzRvKSnpUGdi+yDq3QClKAzr\njt3Ez+qYEUYk5ZSmclRcyQwIG4g2UiDAVHCTqnYlso0Bj1NAmEM6VwM4xhGeMFhK\nAogypjRQ26OGgE0IeEoaIjA3lHKkhQYO0sGUCyNAupIa7TAXMUwwMp50FBVMuA5D\ngqb6Y3g2CK12PpSF0YDvwjVLKvtJpV9f77JXJxAnEOHMaTJYzXLPgS7Nd5e0Hxg\/\nGC1fu0ecQv\/\/C7xgwcaqH0HJzxBc2A5KX8GqRjCQcjJqMyNsW2AXK+G6zDAuhQJg\nLqcMFEOODdShGJx0+xgpQBxJhxIbOemi0H\/eSKpTlVPK2C8HKumPwBoabmi5IdeQ\nzzU15rNDzS2+cem\/17vn1UW5mdnOw317u\/atXL3wIPrrapM1Jtcc3o4fqu76oXLi\n44svfLPgzEenu34abxv+896Ryzuu7Hn0tml993vrF0c\/Tk183vlmcNPkp9M7F47d\n9eLZn99vemvm2zeO\/fp0bQJdngrWL227OnhhE8R\/3HrifMfrIx073jkw9ciTMz2F\nVeXKpfOdq3p63hWj418s23pqfNvIgQ+OzW3e+N2hJS\/lT52+0la6ffjcTMuuoOOZ\nLWvQfV\/3rXtwUfMts3P3HM0Xx\/Yf2j7dff\/yWuOR\/trumxuf33cwv2Xg9xXo5BJy\n58hTHx59eXb5Z78dSTZ\/9djq\/IXJ45\/sbd55R7Ltte7Zt385\/sqmydaWeP\/cimX8\nzAPf187+Aw==\n",
        "apiUrl" : "https:\/\/gist.githubusercontent.com\/kbtester1\/9f6c0787825f4fcc81f7\/raw\/1ec930037d05bbd2496e862a023d69ae6cc4c215\/keybase.md",
        "remoteId" : "9f6c0787825f4fcc81f7",
        "humanUrl" : "https:\/\/gist.github.com\/9f6c0787825f4fcc81f7"
      },
      "proofStatus" : {
        "desc" : "",
        "state" : 1,
        "status" : 1
      }
    },
    "rp" : {
      "sigId" : "Binary-9e6d3b438f16b2f2b4aa22159b425b0aed5a3a6093a2e9e87b8ad512d7d26e95",
      "value" : "kbtester1",
      "key" : "github",
      "mtime" : 1424293535,
      "proofType" : 3,
      "displayMarkup" : "kbtester1"
    },
    "sessionID" : 4
  }
]