[
  {
    "lcr" : {
      "cached" : {
        "proofStatus" : {
          "desc" : "",
          "state" : 1,
          "status" : 1
        },
        "displayMarkup" : "[cached 2015-03-05 13:59:57 PST]",
        "timestamp" : 1425592797
      },
      "proofId" : 1,
      "hint" : {
        "checkText" : "Verifying myself: I am t_bob on Keybase.io. r_3BRvcI3QUh3aSRYNsjA8xZIQ7P6x388nuT \/",
        "apiUrl" : "https:\/\/twitter.com\/kbtester1\/status\/568154394040115201",
        "remoteId" : "568154394040115201",
        "humanUrl" : "https:\/\/twitter.com\/kbtester1\/status\/568154394040115201"
      },
      "proofStatus" : {
        "desc" : "",
        "state" : 1,
        "status" : 1
      }
    },
    "rp" : {
      "sigId" : "Binary-affdc146f708dd0521dda49160db2303cc59210ecfeb1dfcf27b9318188cd492",
      "value" : "kbtester1",
      "key" : "twitter",
      "mtime" : 1424293537,
      "proofType" : 2,
      "displayMarkup" : "kbtester1"
    },
    "sessionID" : 4
  }
]