[
  {
    "lcr" : {
      "cached" : {
        "proofStatus" : {
          "desc" : "",
          "state" : 1,
          "status" : 1
        },
        "displayMarkup" : "[cached 2015-03-26 12:05:56 PDT]",
        "timestamp" : 1427396756
      },
      "diff" : {
        "type" : 0,
        "displayMarkup" : "tracked"
      },
      "proofId" : 1,
      "hint" : {
        "checkText" : "Verifying myself: I am t_alice on Keybase.io. wGwM2ckyjf9AAxfLPg2oiCWbhD0TSAZtlsRo \/",
        "apiUrl" : "https:\/\/twitter.com\/tacovontaco\/status\/568154344467656704",
        "remoteId" : "568154344467656704",
        "humanUrl" : "https:\/\/twitter.com\/tacovontaco\/status\/568154344467656704"
      },
      "remoteDiff" : {
        "type" : 0,
        "displayMarkup" : "tracked"
      },
      "proofStatus" : {
        "desc" : "",
        "state" : 1,
        "status" : 1
      }
    },
    "rp" : {
      "sigId" : "Binary-c06c0cd9c9328dff400317cb3e0da888259b843d1348066d96c4685a88597f01",
      "value" : "tacovontaco",
      "key" : "twitter",
      "mtime" : 1424293525,
      "proofType" : 2,
      "displayMarkup" : "tacovontaco"
    },
    "sessionID" : 4
  }
]