[
  {
    "id" : {
      "deleted" : [

      ],
      "proofs" : [
        {
          "proof" : {
            "sigId" : "Binary-0a110a1f9d5a57cd76680f51d63a38e69eb070d4f6e3a46b6fb15d9df42eb240",
            "value" : "kbtester2",
            "key" : "github",
            "mtime" : 1424293523,
            "proofType" : 3,
            "displayMarkup" : "kbtester2"
          },
          "rowId" : 1
        },
        {
          "proof" : {
            "sigId" : "Binary-c06c0cd9c9328dff400317cb3e0da888259b843d1348066d96c4685a88597f01",
            "value" : "tacovontaco",
            "key" : "twitter",
            "mtime" : 1424293525,
            "proofType" : 2,
            "displayMarkup" : "tacovontaco"
          },
          "rowId" : 0
        }
      ],
      "keys" : null,
      "whenLastTracked" : 0,
      "cryptocurrency" : null
    },
    "sessionID" : 4,
    "user" : {
      "uid" : "Binary-295a7eea607af32040647123732bc819",
      "username" : "t_alice"
    }
  }
]