[
  {
    "keys" : [
      {
        "identities" : [
          "gabrielh@gmail.com",
          "gabrielh@keybase.io"
        ],
        "keyID" : "5431890FE1EEBCDE",
        "creation" : "",
        "algorithm" : "4096R",
        "expiration" : "2018-10-13"
      },
      {
        "identities" : [
          "merkle@test.keybase.io"
        ],
        "keyID" : "3FD53B4871528CEF",
        "creation" : "",
        "algorithm" : "2048R",
        "expiration" : "never"
      },
      {
        "identities" : [
          "gabrielhlocal2@keybase.io"
        ],
        "keyID" : "1296617A289D5C6B",
        "creation" : "",
        "algorithm" : "4096R",
        "expiration" : "never"
      },
      {
        "identities" : [
          "gabrielh+testuser@gmail.com"
        ],
        "keyID" : "51C134D207C54B21",
        "creation" : "",
        "algorithm" : "4096R",
        "expiration" : "2019-02-02"
      },
      {
        "identities" : [
          "gabrielh+test22@gmail.com"
        ],
        "keyID" : "C448DD886D2D1BBB",
        "creation" : "",
        "algorithm" : "2048R",
        "expiration" : "2018-11-21"
      },
      {
        "identities" : [
          "gabrielh+test15b@gmail.com"
        ],
        "keyID" : "2EC0865D485073CA",
        "creation" : "",
        "algorithm" : "2048R",
        "expiration" : "2018-10-24"
      },
      {
        "identities" : [
          "gabriel@rel.me"
        ],
        "keyID" : "2273887533D66C47",
        "creation" : "",
        "algorithm" : "4096R",
        "expiration" : "2018-10-02"
      },
      {
        "identities" : [
          "gabrielh+gpg2@gmail.com"
        ],
        "keyID" : "4BF812991A9C76AB",
        "creation" : "",
        "algorithm" : "4096R",
        "expiration" : "2018-07-30"
      }
    ],
    "sessionId" : 0
  }
]