[
  {
    "id" : {
      "deleted" : [

      ],
      "key" : {
        "KID" : null,
        "pgpFingerprint" : null
      },
      "proofs" : [
        {
          "proof" : {
            "sigId" : "Binary-9f731fa7c75b64e1c9d70300b4383196a8fb432294a4308f8d7a379376a0b190",
            "value" : "maxtaco",
            "key" : "github",
            "mtime" : 1391702984,
            "proofType" : 3,
            "displayMarkup" : "maxtaco"
          },
          "rowId" : 0
        },
        {
          "proof" : {
            "sigId" : "Binary-667062cc7300f11292079f7c4da0ed8e53e52ca484bb55ae693e7d0aa614322a",
            "value" : "maxtaco",
            "key" : "twitter",
            "mtime" : 1392234388,
            "proofType" : 2,
            "displayMarkup" : "maxtaco"
          },
          "rowId" : 9
        },
        {
          "proof" : {
            "sigId" : "Binary-3517ddd1a5c9d708f21634d126814647129a64086a967daa5017e7966b89c982",
            "value" : "keybase.io",
            "key" : "https",
            "mtime" : 1395867108,
            "proofType" : 1000,
            "displayMarkup" : "keybase.io"
          },
          "rowId" : 2
        },
        {
          "proof" : {
            "sigId" : "Binary-93734bd81d3b50d25401d7451a136e171757990d35110b585b729dbca2019d05",
            "value" : "oneshallpass.com",
            "key" : "https",
            "mtime" : 1395868002,
            "proofType" : 1000,
            "displayMarkup" : "oneshallpass.com"
          },
          "rowId" : 1
        },
        {
          "proof" : {
            "sigId" : "Binary-0e577a1475085a07ad10663400de1cd7c321d2349cf2446de112e2f2f51a928b",
            "value" : "oneshallpass.com",
            "key" : "dns",
            "mtime" : 1397071049,
            "proofType" : 1001,
            "displayMarkup" : "oneshallpass.com"
          },
          "rowId" : 5
        },
        {
          "proof" : {
            "sigId" : "Binary-baacd979d2ebe325482d2921ea72df72dbf9a31aeaa69f2b14b1eccfed31c72e",
            "value" : "maxk.org",
            "key" : "dns",
            "mtime" : 1397071368,
            "proofType" : 1001,
            "displayMarkup" : "maxk.org"
          },
          "rowId" : 4
        },
        {
          "proof" : {
            "sigId" : "Binary-4b4c67c83b4995aae5d4a5dde916fb35762551e67e35d4d4f1be99e230923860",
            "value" : "nutflex.com",
            "key" : "dns",
            "mtime" : 1401977613,
            "proofType" : 1001,
            "displayMarkup" : "nutflex.com"
          },
          "rowId" : 3
        },
        {
          "proof" : {
            "sigId" : "Binary-095d87d153e6590c2d6c032752d3c43485a1f64e61b99d58f989f6da28b2a832",
            "value" : "maxtaco",
            "key" : "reddit",
            "mtime" : 1407166100,
            "proofType" : 4,
            "displayMarkup" : "maxtaco"
          },
          "rowId" : 6
        },
        {
          "proof" : {
            "sigId" : "Binary-d0f9aaff73dc67f40fb6ebb6fdf473e11de43f11ae64a5fbffb00218914e19af",
            "value" : "maxtaco",
            "key" : "coinbase",
            "mtime" : 1407167610,
            "proofType" : 5,
            "displayMarkup" : "maxtaco"
          },
          "rowId" : 7
        },
        {
          "proof" : {
            "sigId" : "Binary-a9fb80f43bed684a40e48de1e365e7ace765a3309819f9f79cdb27e3dd9802f5",
            "value" : "maxtaco",
            "key" : "hackernews",
            "mtime" : 1407186953,
            "proofType" : 6,
            "displayMarkup" : "maxtaco"
          },
          "rowId" : 8
        }
      ],
      "whenLastTracked" : 0,
      "cryptocurrency" : null
    },
    "sessionId" : 27
  }
]