[
  {
    "lcr" : {
      "cached" : {
        "proofStatus" : {
          "desc" : "",
          "state" : 1,
          "status" : 1
        },
        "displayMarkup" : "[cached 2015-02-03 18:14:28 PST]",
        "timestamp" : 1423016068
      },
      "proofId" : 2,
      "hint" : {
        "checkText" : "\n\nowFVkV1IFFEUx3fNTFcsScEe\/IipHiTJ+Z7ZzTBXEYUlwhLRaJd7597RwZxZZ9dV\nE1EDA6VIU8rK8KFFC5XKfAgLW6kM2qiXVKxUiOhLCfoyKalmxB66L4f7P7\/zP+dw\nOuI2WGzWHlt2nPV35II1HFqClkPMvqUGAmqonnA0EJV4LciKWo51r66ofsJBiFiG\nmMYsQhwPGY4WGJ5hsSjzJEdDGiCGAjzPUBKRQVRoPrPCsIHAh\/comqEZH4+CDNXk\nnXROHkPlmHyukatZSyAIKZ6DgijYZSxAihJYJAsMxIiEdo4kTdCHdRVUYYOuAnVE\nYwZhCAFFwua4Ztf15H+dvbrm1yTtmKFX+P1en8Os89d7TbAWQ8+6hQcqKjI2NioC\nWPcpmko4KIOU\/IrpSTF2TuQFihQzCFznVXTsUUyCE3iRNJ7ZBwcMSxrJHMIiKwCO\n5RHP04hBCHAkDQAtMgwtyqwgsAwJZYlmJUxKvEhJgBclFrGAXlvTh6tVjXDQrDEn\nKDc8fUq5Cvw1OiYa26zJkRarzRK1McI8msUWE\/\/vlC1Z0Zbmz2+K3KHYl86JnzMl\nwV9ymevZTJsW7W3vnc\/Kv\/o8MwxQX\/6BhcCt+b6Jld4z2zvSE1MbA+74K5ot2ONy\nFVzsbxJuFmsNIffxpEpu9lP2l+XNo0WvW3M\/LI4P7ewqWGU63A9PjJQVx+4+Oe3M\ne9yekuTccvb26XsD+PKRwv3JO2LuxLDgAhQSuOuT31\/8GWR2fbw0tk2Pur8YHgDf\nIs5FUp2pw+kWvvSw8CDU8iMl2H23tunU3FjBpojZ8\/2LU53vtITx0eDk8tPo2IHm\n8FzhcGuPPW9w2vUo82DLKknt\/Yq6r91IXJl7NdSalln2tiRp5Oj7ratR1aVPuqip\ntL8=\n",
        "apiUrl" : "https:\/\/keybase.io\/.well-known\/keybase.txt",
        "remoteId" : "https:\/\/keybase.io\/.well-known\/keybase.txt",
        "humanUrl" : "https:\/\/keybase.io\/.well-known\/keybase.txt"
      },
      "proofStatus" : {
        "desc" : "",
        "state" : 1,
        "status" : 1
      }
    },
    "rp" : {
      "sigId" : "Binary-3517ddd1a5c9d708f21634d126814647129a64086a967daa5017e7966b89c982",
      "value" : "keybase.io",
      "key" : "https",
      "mtime" : 1395867108,
      "proofType" : 1000,
      "displayMarkup" : "keybase.io"
    },
    "sessionId" : 27
  }
]