[
  {
    "lcr" : {
      "cached" : {
        "proofStatus" : {
          "desc" : "",
          "state" : 1,
          "status" : 1
        },
        "displayMarkup" : "[cached 2015-02-03 18:14:28 PST]",
        "timestamp" : 1423016068
      },
      "proofId" : 5,
      "hint" : {
        "checkText" : "keybase-site-verification=Dld6FHUIWgetEGY0AN4c18Mh0jSc8kRt4RLi8vUakos",
        "apiUrl" : "dns:\/\/oneshallpass.com",
        "remoteId" : "dns:\/\/oneshallpass.com",
        "humanUrl" : "dns:\/\/oneshallpass.com"
      },
      "proofStatus" : {
        "desc" : "",
        "state" : 1,
        "status" : 1
      }
    },
    "rp" : {
      "sigId" : "Binary-0e577a1475085a07ad10663400de1cd7c321d2349cf2446de112e2f2f51a928b",
      "value" : "oneshallpass.com",
      "key" : "dns",
      "mtime" : 1397071049,
      "proofType" : 1001,
      "displayMarkup" : "oneshallpass.com"
    },
    "sessionId" : 27
  }
]