[
  {
    "lcr" : {
      "cached" : {
        "proofStatus" : {
          "desc" : "",
          "state" : 1,
          "status" : 1
        },
        "displayMarkup" : "[cached 2015-02-03 18:14:30 PST]",
        "timestamp" : 1423016070
      },
      "proofId" : 7,
      "hint" : {
        "checkText" : "\n\nowFlkmtoHFUUx3fbVduF0NYiRZEQx2BVwnLfdyYRSrS1Aa0IFWrQdrnPZNLuTDq7\nibupG6FKSsCIfogW4ltK6yafxFrUiKQV4xNbaRUUjFREQz8UpZAminonRGxxPs29\n53f+5\/zPuc82rc7ks4fzW5qyf+Xmsp\/Py8zOuamhA56Mdc1rP+CpfaGJKulfJErG\na\/f2mpoUZVMI45Yo1qbQV25ZYdq8QZOUwzhyFCiQAkRevS3l02wbRj0m6U\/CVMzz\njZUGGaI1ZRJTxDHDxPiWAYokEhpDwRiGymn2xuXKVWW9Zc1iqN1tyt+NOrdi2Jny\n97jYwHJASwkZldzngTVcQsiJthxLo4EMKAApWDbJiqeSqKatlkyyd58pJnG8bFhV\nwjQKCeCQcUyBa0aUex1PgdWIuuKCYBUgRKw7SwUCpSH0DVfMd+WlBgFVgFIKqeBO\ngSkhGAUGG+MjH2NlAq6IAYA6cWaxRNIiF8Y4AES6DMGNCCCxgCpGfaOZRdoahVz3\nZbM\/ir12jDgl9fSYDIbKXLEnFYdROrH\/Oa0IFaduK7X+9OYxI4sr2UUZRm9ot6gr\nVwkdevUkGHSTMNX+MDHFMCUoZz5wX5vXn5hBpymUotYqC7nSHCFJfUIkIpQRgywj\nRCNGDYAAEC6t1pj7AQyk2z9gAEuB\/\/NHmWtU9DjNctgTicpAYrz6aPbmXCabz1x7\nzar0sWbya9f\/+4KbZtZkPvhy+\/7R4UOXb9zz267Sx7uO8zXTMwc3d3869DRYuO7N\nj+qn1u7++\/al2beK14832lsfqs6\/s1grv\/AUenCuu\/XgmXU7z6DF88\/cuXlPw6ML\ntzRfHtlx\/yWwnm\/vOjo5nM9tbPrmu7HTODf7fuP1J2YudQz+4R++9eSJ4WO1O3aM\nX6iu7vhkaPGrrY3OX3tb331ed9\/UctcjU\/eOvzyxrmvs98nFl05++Oi5V6beXipM\n\/Lztvtu2Nb92\/qfxI+bQhiMXO8\/mGi+eGhHT9Rv8DX2rRN+JjgeeG3jvx7MPn5v1\nuzaGjzePTX\/xy7cDUOd2L02UJhrz309uCp5s++zVi5uqp1uPbfnhT3vh69GR4wv\/\nAA==\n",
        "apiUrl" : "https:\/\/coinbase.com\/maxtaco\/public-key",
        "remoteId" : "maxtaco",
        "humanUrl" : "https:\/\/coinbase.com\/maxtaco\/public-key"
      },
      "proofStatus" : {
        "desc" : "",
        "state" : 1,
        "status" : 1
      }
    },
    "rp" : {
      "sigId" : "Binary-d0f9aaff73dc67f40fb6ebb6fdf473e11de43f11ae64a5fbffb00218914e19af",
      "value" : "maxtaco",
      "key" : "coinbase",
      "mtime" : 1407167610,
      "proofType" : 5,
      "displayMarkup" : "maxtaco"
    },
    "sessionId" : 27
  }
]