[
  {
    "lcr" : {
      "cached" : {
        "proofStatus" : {
          "desc" : "",
          "state" : 1,
          "status" : 1
        },
        "displayMarkup" : "[cached 2015-02-03 18:14:28 PST]",
        "timestamp" : 1423016068
      },
      "proofId" : 8,
      "hint" : {
        "checkText" : "qfuA9DvtaEpA5I3h42XnrOdlozCYGfn3nNsn492YAvU",
        "apiUrl" : "https:\/\/hacker-news.firebaseio.com\/v0\/user\/maxtaco\/about.json",
        "remoteId" : "maxtaco",
        "humanUrl" : "https:\/\/news.ycombinator.com\/user?id=maxtaco"
      },
      "proofStatus" : {
        "desc" : "",
        "state" : 1,
        "status" : 1
      }
    },
    "rp" : {
      "sigId" : "Binary-a9fb80f43bed684a40e48de1e365e7ace765a3309819f9f79cdb27e3dd9802f5",
      "value" : "maxtaco",
      "key" : "hackernews",
      "mtime" : 1407186953,
      "proofType" : 6,
      "displayMarkup" : "maxtaco"
    },
    "sessionId" : 27
  }
]